睦月,mutsuki,snohitatusbk,1,31,False
如月,kisaragi,wujywbyjntbp,2,32,False
長月,nagatsuki,kksiqffpclxh,6,35,False
三日月,mikazuki,ujhxqqlcorxv,7,37,False
吹雪,fubuki,gyckjmemgqoe,9,11,False
白雪,shirayuki,xqnkdultpvaf,10,12,False
深雪,miyuki,cdidanqovcfr,11,14,False
磯波,isonami,ljesxnctkmmf,12,16,False
綾波,ayanami,icpexclhwthr,13,17,False
敷波,shikinami,gcbiuhgmgjbm,14,18,False
曙,akebono,fwptxiocqkyd,15,68,False
潮,ushio,xqjemfzdbjox,16,70,False
陽炎,kagerou,nkvvrszimkre,17,91,False
不知火,shiranui,louolngpmrwj,18,92,False
黒潮,kuroshio,ihengpjwmfrt,19,93,False
雪風,yukikaze,pueufyccujmd,20,5,False
長良,nagara,debsnofmttkx,21,42,False
五十鈴,isuzu,tcqsalkhzurk,22,43,False
由良,yura,shjlydqjdfcl,23,45,False
大井,ooi,yomyfjkhndny,24,19,False
北上,kitakami,oxqlrctsmegi,25,20,False
扶桑,fusou,ubntuiyurxwk,26,26,False
山城,yamashiro,dyurkaeenkdh,27,27,False
皐月,satsuki,qvmfwjitflgw,28,33,False
文月,fumizuki,pjkwpxniwgge,29,34,False
菊月,kikuzuki,jatvhskutlck,30,36,False
望月,mochizuki,isiuepygxdzq,31,38,False
初雪,hatsuyuki,pxogwcltgjkn,32,13,False
叢雲,murakumo,hpfcwdqxgyvl,33,15,False
暁,akatsuki,mtvkfikepcfr,34,71,False
響,hibiki,nfzmalhtwved,35,72,False
雷,ikazuchi,aejfywpsegbv,36,73,False
電,inazuma,uuilouoffjoj,37,74,False
初春,hatsuharu,nlobofyxzvku,38,75,False
子日,nenohi,zgerairddhko,39,76,False
若葉,wakaba,ihuijkvksqky,40,77,False
初霜,hatsushimo,qngptlxhrwhj,41,78,False
白露,shiratsuyu,ahztpphnuvco,42,79,False
時雨,shigure,kclrmkyzpnpc,43,80,False
村雨,murasame,fhaelooubkbi,44,81,False
夕立,yuudachi,pnpixtolsebg,45,82,False
五月雨,samidare,tyjrubumfpxy,46,83,False
涼風,suzukaze,qaryaychpubb,47,84,False
霰,arare,oiknslickotp,48,89,False
霞,kasumi,qukusrsftcgy,49,90,False
島風,shimakaze,uffgxggsrtti,50,10,False
天龍,tenryuu,vswgjojfoqdc,51,28,False
龍田,tatsuta,qvqlfmytkmor,52,29,False
名取,natori,bqwjdltjktls,53,44,False
川内,sendai,nehcyhpiviue,54,46,False
神通,jintsuu,icmlpbiditqy,55,47,False
那珂,naka,vopfxipptsrt,56,48,False
大井改,ooi kai,gonohkjynpmb,57,97,False
北上改,kitakami kai,jdqefjcpslli,58,98,False
古鷹,furutaka,sfbwblstvfmw,59,52,False
加古,kako,vkmjguonqcsg,60,53,False
青葉,aoba,bhyiqjjifflp,61,54,False
妙高,myoukou,grppcbegkphv,62,55,False
那智,nachi,wnkageqzigwd,63,56,False
足柄,ashigara,opprvckvhrkv,64,57,False
羽黒,haguro,lvfswfzywnql,65,58,False
高雄,takao,eqpvjbnbjlhy,66,59,False
愛宕,atago,aqpnbsizhjij,67,60,False
摩耶,maya,gpshoozxgutk,68,61,False
鳥海,choukai,qmmdyeprdqsu,69,62,False
最上,mogami,lcmobkdeizph,70,51,False
利根,tone,kmcllyhenjnk,71,63,False
筑摩,chikuma,gcqjowlpkbde,72,64,False
最上改,mogami kai,ethdbrvnuznc,73,101,False
祥鳳,shouhou,qihrkkfwekpo,74,94,False
飛鷹,hiyou,sdiauxhgyfkj,75,65,False
龍驤,ryuujou,iyondwbusgym,76,30,False
伊勢,ise,skgpomqtcedb,77,3,False
金剛,kongou,oygjwmgvcdyv,78,21,False
榛名,haruna,vzgrqylbwegp,79,23,False
長門,nagato,jnxoytktolbb,80,1,False
陸奥,mutsu,jkjqeleyhbus,81,2,False
伊勢改,ise kai,guwzhmxxnwol,82,102,False
赤城,akagi,uswetrxvttms,83,6,False
加賀,kaga,oeimwwkynzlt,84,7,False
霧島,kirishima,icwowutxbvgh,85,24,False
比叡,hiei,bxzhnjffdppv,86,22,False
日向,hyuuga,cfqmhviykuup,87,4,False
日向改,hyuuga kai,jprpbvbeillv,88,103,False
鳳翔,houshou,bwgbubdrhvfg,89,25,False
蒼龍,souryuu,nppdykjbwmkx,90,8,False
飛龍,hiryuu,gobumojesgfi,91,9,False
隼鷹,junyou,ltdlvothcqnr,92,66,False
朧,oboro,jqexjuembtvh,93,67,False
漣,sazanami,lnarycubyzrr,94,69,False
朝潮,asashio,eeyrwdehbixg,95,85,False
大潮,ooshio,svcuufdqcqmy,96,86,False
満潮,michishio,fhpgicaysllm,97,87,False
荒潮,arashio,vksjkggcuvik,98,88,False
球磨,kuma,zrmviexnupjy,99,39,False
多摩,tama,jiftwdxqwtin,100,40,False
木曾,kiso,veulocbvzaqy,101,41,False
千歳,chitose,dkmxevqgbxmr,102,49,False
千代田,chiyoda,cayfwlehtvgj,103,50,False
千歳改,chitose kai,wvkpfygaipjq,104,95,False
千代田改,chiyoda kai,tsfbgfyeqxhg,105,96,False
千歳甲,chitose kou,ttkeodhvrmog,106,99,False
千代田甲,chiyoda kou,agybvcshxbpm,107,100,False
千歳航,chitose cvl,wlvvcpnulyer,108,104,False
千代田航,chiyoda cvl,rsmzverhwskc,109,105,False
翔鶴,shoukaku,pdricqoovxfe,110,106,False
瑞鶴,zuikaku,suivtkpjnmpt,111,107,False
瑞鶴改,zuikaku kai,ihwgeegenykh,112,108,False
鬼怒,kinu,rgribyhrzjjl,113,109,False
阿武隈,abukuma,sgwumdfgzais,114,110,False
夕張,yuubari,hieimxbtcqrt,115,111,False
瑞鳳,zuihou,ktexichqewel,116,112,False
瑞鳳改,zuihou kai,xmzltsferzto,117,113,False
大井改二,ooi kai ni,khtgrpfyurcm,118,114,False
北上改二,kitakami kai ni,cqtlanpwihpj,119,115,False
三隈,mikuma,oqqerytyeisg,120,116,False
三隈改,mikuma kai,yyvxfxdusxlx,121,117,False
舞風,maikaze,emjpbjscgcvf,122,119,False
衣笠,kinugasa,tyumrhcigliq,123,120,False
鈴谷,suzuya,lvmlqrzbobpe,124,124,False
熊野,kumano,mlzpthwviwnf,125,125,False
伊168,imuya,wmzbyvhflrhy,126,126,False
伊58,goya,fqbwbmmdcjby,127,127,False
伊8,hachi,zoaptkoerfpv,128,128,False
鈴谷改,suzuya kai,oyjqdsswurhl,129,129,False
熊野改,kumano kai,pcdygwofwfib,130,130,False
大和,yamato,liqjxscjkogx,131,131,False
秋雲,akigumo,khxsxmiuccsf,132,132,False
夕雲,yuugumo,jtfihmyrvmiw,133,133,False
巻雲,makigumo,piobwloefpcz,134,134,False
長波,naganami,xwvykvklvvqk,135,135,False
大和改,yamato kai,drdaipjrohfl,136,136,False
阿賀野,agano,ljzijyhhgrnx,137,137,False
能代,noshiro,lpiecumljbyp,138,138,False
矢矧,yahagi,hmivswfdmdem,139,139,False
酒匂,sakawa,vrtbgpzuepqx,140,140,False
五十鈴改二,isuzu kai ni,nnkmuxqyewyk,141,141,False
衣笠改二,kinugasa kai ni,ykrokmtrnaqw,142,142,False
武蔵,musashi,ilxnmfogntbo,143,143,False
夕立改二,yuudachi kai ni,lngqiqvigduj,144,144,False
時雨改二,shigure kai ni,ogkwigciybxf,145,145,False
木曾改二,kiso kai ni,gpfqngdreebe,146,146,False
Верный,Verniy,gmqsmiszmftf,147,147,False
武蔵改,musashi kai,eqgvmdsvjerq,148,148,False
金剛改二,kongou kai ni,wugwvdccggcp,149,149,False
比叡改二,hiei kai ni,mhpalcnpxmgz,150,150,False
榛名改二,haruna kai ni,ilxltdgucgbg,151,151,False
霧島改二,kirishima kai ni,kspwuqsyhipy,152,152,False
大鳳,taihou,ysidnchjxvfc,153,153,False
香取,katori,jtyqmhgstese,154,154,False
伊401,shioi,hmiwrqvijwvv,155,155,False
大鳳改,taihou kai,vsnkqdgtcjbs,156,156,False
龍驤改二,ryuujou kai ni,mslkutojcolj,157,157,False
川内改二,sendai kai ni,qpnrcirsvqcr,158,158,False
神通改二,jintsuu kai ni,xyqotgpmnjih,159,159,False
那珂改二,naka kai ni,lvjcqqulbluo,160,160,False
あきつ丸,akitsumaru,nvnwjedsdgcl,161,161,False
まるゆ,maruyu,joaeulumcgbh,163,163,False
弥生,yayoi,jnvcrrgmtvwl,164,164,False
卯月,uzuki,gjtvekieqatn,165,165,False
あきつ丸改,akitsumaru kai,vxryfhvytcig,166,166,False
磯風,isokaze,bctrxdxrugqp,167,167,False
浦風,urakaze,cmupwurocdpn,168,168,False
谷風,tanikaze,gsrzkautnghc,169,169,False
浜風,hamakaze,rubtymuqfeuq,170,170,False
Bismarck,bismarck,ntmjjittqkcj,171,171,False
Bismarck改,bismarck kai,frkfpymtydmg,172,172,False
Bismarck zwei,bismarck zwei,etxdlqnvwqtx,173,173,False
Z1,z1,pvhdtbuddjhb,174,174,False
Z3,z3,rxzrrkjqvyqy,175,175,False
Prinz Eugen,prinz eugen,shcsmfegtxhf,176,176,False
Prinz Eugen改,prinz eugen kai,cmmiahpwdamx,177,177,False
Bismarck drei,bismarck drei,twvnkvqgyiru,178,178,False
Z1 zwei,z1 zwei,qgkjswznylty,179,179,False
Z3 zwei,z3 zwei,utmejyqmcvbk,180,180,False
天津風,amatsukaze,fdpybckruodj,181,181,False
明石,akashi,kynputhclcdl,182,182,False
大淀,ooyodo,uockopeurqdf,183,183,False
大鯨,taigei,xumujwygrmby,184,184,False
龍鳳,ryuuhou,bfsrsnqivpms,185,185,False
時津風,tokitsukaze,dljghewzktat,186,186,False
明石改,akashi kai,scobmrrdbmsw,187,187,False
利根改二,tone kai ni,rjggwwmmppth,188,188,False
筑摩改二,chikuma kai ni,ilnimhfcivpt,189,189,False
初風,hatsukaze,rwqqgmxpdwbu,190,118,False
伊19,iku,jdsszkolhitg,191,123,False
那智改二,nachi kai ni,bpegnatlfibc,192,192,False
足柄改二,ashigara kai ni,bxbyaifmqdxk,193,193,False
羽黒改二,haguro kai ni,ecwgnneuzbcv,194,194,False
綾波改二,ayanami kai ni,tiqezicxwpry,195,195,False
飛龍改二,hiryuu kai ni,gbxvfsrqbyxg,196,196,False
蒼龍改二,souryuu kai ni,mwlzgwdjlpxx,197,197,False
阿武隈改二,abukuma kai ni,qjkjyqhsvcpx,200,200,False
吹雪改,fubuki kai,dufziinsornt,201,1301,False
白雪改,shirayuki kai,kkpwecgmftci,202,1302,False
初雪改,hatsuyuki kai,sejqtlkfjwkc,203,1303,False
深雪改,miyuki kai,zlshfpystoqp,204,1304,False
叢雲改,murakumo kai,rmcvsljwdyur,205,1305,False
磯波改,isonami kai,olkahitypycq,206,1306,False
綾波改,ayanami kai,sgpilzypnejy,207,1307,False
敷波改,shikinami kai,epjlpvhwcjvw,208,1308,False
金剛改,kongou kai,fxypdctjnicq,209,1309,False
比叡改,hiei kai,iatmdvvwlngq,210,1310,False
榛名改,haruna kai,nolhhoujolpc,211,1311,False
霧島改,kirishima kai,kexwyrcqjxfs,212,1312,False
天龍改,tenryuu kai,wjcrloeyiyxw,213,1313,False
龍田改,tatsuta kai,chmytqkkilrv,214,1314,False
球磨改,kuma kai,mbgjkzlvemui,215,1315,False
多摩改,tama kai,cxhxktltjtbg,216,1316,False
木曾改,kiso kai,gjyqwffsmfgw,217,1317,False
長良改,nagara kai,jmpkkzqwgxtc,218,1318,False
五十鈴改,isuzu kai,espxbipsjiyt,219,1319,False
由良改,yura kai,xtqbjysffsvx,220,1320,False
名取改,natori kai,aqgjvutybsbk,221,1321,False
川内改,sendai kai,zhixojcwijfj,222,1322,False
神通改,jintsuu kai,ncijtxixkghu,223,1323,False
那珂改,naka kai,vxkcklmfevkk,224,1324,False
陽炎改,kagerou kai,ffyychaekjsj,225,1325,False
不知火改,shiranui kai,algyyokhbnwz,226,1326,False
黒潮改,kuroshio kai,qsnkljxqtrgb,227,1327,False
雪風改,yukikaze kai,avfbkpphumso,228,1328,False
島風改,shimakaze kai,cjhtlviffiwb,229,1329,False
朧改,oboro kai,sbdfpooechyn,230,1330,False
曙改,akebono kai,wnocckxgfmnh,231,1331,False
漣改,sazanami kai,xfxhmadcxfdq,232,1332,False
潮改,ushio kai,dpqjexkcixhw,233,1333,False
暁改,akatsuki kai,slzosqvxjxus,234,1334,False
響改,hibiki kai,wpaqzeclspdr,235,1335,False
雷改,ikazuchi kai,eathbqlrqvda,236,1336,False
電改,inazuma kai,bqvrrfdcuvdr,237,1337,False
初春改,hatsuharu kai,tedevipdbvdr,238,1338,False
子日改,nenohi kai,nkrmsykdohgo,239,1339,False
若葉改,wakaba kai,tkcwrodgemlj,240,1340,False
初霜改,hatsushimo kai,woutqrqtdzqi,241,1341,False
白露改,shiratsuyu kai,xcbmsjqrostq,242,1342,False
時雨改,shigure kai,wmskekfmgdio,243,1343,False
村雨改,murasame kai,wvnchfzhekfo,244,1344,False
夕立改,yuudachi kai,wpsyznjwvlmd,245,1345,False
五月雨改,samidare kai,ofneitwqroxe,246,1346,False
涼風改,suzukaze kai,jukighzxmudn,247,1347,False
朝潮改,asashio kai,xbbfxeemifpv,248,1348,False
大潮改,ooshio kai,ngcxxfxovpmn,249,1349,False
満潮改,michishio kai,eypcwtnjgoyb,250,1350,False
荒潮改,arashio kai,pmjnkqodgjpo,251,1351,False
霰改,arare kai,oxttbkywusfp,252,1352,False
霞改,kasumi kai,ohpnwjgzfesg,253,1353,False
睦月改,mutsuki kai,pvomxydmldoi,254,1354,False
如月改,kisaragi kai,lwlmcwxyvcyz,255,1355,False
皐月改,satsuki kai,ttcofyyswaum,256,1356,False
文月改,fumizuki kai,ysgtnamukxoi,257,1357,False
長月改,nagatsuki kai,wrxtfahvtyqi,258,1358,False
菊月改,kikuzuki kai,zrrxemjrtmql,259,1359,False
三日月改,mikazuki kai,sxrrihbkdkjl,260,1360,False
望月改,mochizuki kai,aufduiatycow,261,1361,False
古鷹改,furutaka kai,iolnrzaovbhn,262,1362,False
加古改,kako kai,qsmurjkprhku,263,1363,False
青葉改,aoba kai,udkkmzgsimgq,264,1364,False
妙高改,myoukou kai,fcydxtnwtaon,265,1365,False
那智改,nachi kai,nvftqenyroyu,266,1366,False
足柄改,ashigara kai,bekjyovmrmfd,267,1367,False
羽黒改,haguro kai,uilfcyypnbwm,268,1368,False
高雄改,takao kai,ghgphbvmzjrx,269,1369,False
愛宕改,atago kai,gbkqnzirjyid,270,1370,False
摩耶改,maya kai,ajhdojqfykfu,271,1371,False
鳥海改,choukai kai,nsgytjsjbfdp,272,1372,False
利根改,tone kai,fkatobgcyygb,273,1373,False
筑摩改,chikuma kai,paqnehcojygu,274,1374,False
長門改,nagato kai,szgthkexanxl,275,1375,False
陸奥改,mutsu kai,hujriolkmhzy,276,1376,False
赤城改,akagi kai,gtmwrbaniaud,277,1377,False
加賀改,kaga kai,uuqdlbtrkmvk,278,1378,False
蒼龍改,souryuu kai,mxohelwcpocv,279,1379,False
飛龍改,hiryuu kai,kftqxfempust,280,1380,False
龍驤改,ryuujou kai,wvcpwlwuxwhq,281,1381,False
祥鳳改,shouhou kai,numjsnomjspr,282,1382,False
飛鷹改,hiyou kai,yiwwnppitqpf,283,1383,False
隼鷹改,junyou kai,pwokyefpmqwi,284,1384,False
鳳翔改,houshou kai,xjotoxrgwfrj,285,1385,False
扶桑改,fusou kai,mnkjkgammeds,286,1386,False
山城改,yamashiro kai,bnbdxfioqxtt,287,1387,False
翔鶴改,shoukaku kai,vcftaofxkvgk,288,1388,False
鬼怒改,kinu kai,ikwmknqjpvkg,289,1389,False
阿武隈改,abukuma kai,uuxoixtoemiv,290,1390,False
千歳航改,chitose cvl kai,ufcqfujavyyg,291,1391,False
千代田航改,chiyoda cvl kai,hgitzuyaysvw,292,1392,False
夕張改,yuubari kai,hfhcjjdyqyzn,293,1393,False
舞風改,maikaze kai,ssvrjquubpim,294,1394,False
衣笠改,kinugasa kai,qgkmjgfbanxl,295,1395,False
千歳航改二,chitose cvl kai ni,kavryopoywwx,296,121,False
千代田航改二,chiyoda cvl kai ni,jhefpwucyxiq,297,122,False
初風改,hatsukaze kai,ukwcjqlolezy,300,1396,False
秋雲改,akigumo kai,ijhrnvnbqkmj,301,1397,False
夕雲改,yuugumo kai,bbgkikxppksy,302,1398,False
巻雲改,makigumo kai,gekgxdsvrliq,303,1399,False
長波改,naganami kai,lovstgcfspwr,304,1400,False
阿賀野改,agano kai,cmpqwemjahur,305,1401,False
能代改,noshiro kai,hvnqlrdovfqe,306,1402,False
矢矧改,yahagi kai,acajrnrqxplq,307,1403,False
弥生改,yayoi kai,ozjrctjajnpx,308,1404,False
卯月改,uzuki kai,xwjlobdutrwv,309,1405,False
Z1改,z1 kai,vbuxfozqoemo,310,1406,False
Z3改,z3 kai,vksfcnchqurh,311,1407,False
浜風改,hamakaze kai,ojkgkujsenly,312,1408,False
谷風改,tanikaze kai,jdyqtxzmsyng,313,1409,False
酒匂改,sakawa kai,kbdewgsfrkra,314,1410,False
天津風改,amatsukaze kai,cpcycglgelxd,316,1411,False
浦風改,urakaze kai,exedxncqauws,317,1412,False
龍鳳改,ryuuhou kai,rjtnzguullvo,318,190,False
妙高改二,myoukou kai ni,kadfixosusrf,319,191,False
磯風改,isokaze kai,dyupugfxshtd,320,1413,False
大淀改,ooyodo kai,gixbrtnuabge,321,1414,False
時津風改,tokitsukaze kai,svglgiwjfyxn,322,1415,False
春雨改,harusame kai,cispmgxqaedk,323,1416,False
早霜改,hayashimo kai,uvfgjekdjlcw,324,1417,False
清霜改,kiyoshimo kai,xomrbwrvjwfv,325,1418,False
初春改二,hatsuharu kai ni,xoiprnaxqxbj,326,204,False
朝雲改,asagumo kai,vdieczinfgce,327,1419,False
山雲改,yamagumo kai,pyfdxrfqwldn,328,1420,False
野分改,nowaki kai,qegrehgswrpg,329,1421,False
秋月改,akizuki kai,tubwmcjwtlqx,330,1422,False
天城,amagi,gmlbignzjwmq,331,202,False
葛城,katsuragi,fgyvwqymkekn,332,203,False
U-511改,yuu kai,dfrmfmjvschh,334,1504,False
香取改,katori kai,kexcbmpnmmwv,343,1423,False
朝霜改,asashimo kai,jozbiyweyksl,344,1424,False
高波改,takanami kai,ydsbnsiogwij,345,1425,False
照月改,teruzuki kai,urpnkwaneqfb,346,1426,False
Libeccio改,libeccio kai,rgfuelwdntub,347,1427,False
瑞穂改,mizuho kai,ycgllqsxwdgy,348,1428,False
風雲改,kazagumo kai,gykqxdkfpzih,349,1429,False
海風改,umikaze kai,djszrxlnhbuv,350,1430,False
江風改,kawakaze kai,litugbpkilsf,351,1431,False
速吸改,hayasui kai,niuenzxpukjq,352,1432,False
Graf Zeppelin改,graf zeppelin kai,uljlkucfqqcc,353,1433,False
嵐改,arashi kai,stvkbeqhwmmj,354,1434,False
萩風改,hagikaze kai,vbqucvbohcex,355,1435,False
鹿島改,kashima kai,grgeljjshnfz,356,1436,False
伊168改,imuya kai,dyfnguymthbd,398,1498,False
伊58改,goya kai,hosmgvuzyjlw,399,1499,False
伊8改,hachi kai,fggcskrfkpnr,400,1500,False
伊19改,iku kai,jwrlielrnfpr,401,1501,False
まるゆ改,maruyu kai,nrdgjqcgecmg,402,1502,False
伊401改,shioi kai,tuvoqtqrddem,403,1503,False
雲龍,unryuu,xgoisifuerjd,404,201,False
春雨,harusame,dbtrdgatxdpl,405,205,False
雲龍改,unryuu kai,rqsbaiaqlunp,406,206,False
潮改二,ushio kai ni,fsgwccpesgfh,407,207,False
隼鷹改二,junyou kai ni,yyyfqcpumpxj,408,208,False
早霜,hayashimo,kgwxvcnblfjb,409,209,False
清霜,kiyoshimo,gdbwncyaopob,410,210,False
扶桑改二,fusou kai ni,gmnsxwkdssmj,411,211,False
山城改二,yamashiro kai ni,xjsgvmgfleuu,412,212,False
朝雲,asagumo,xjtxwkwwfdze,413,213,False
山雲,yamagumo,xthvimkarzgq,414,214,False
野分,nowaki,skmmrmdljugc,415,215,False
古鷹改二,furutaka kai ni,vqdgxtrgintc,416,216,False
加古改二,kako kai ni,riiwaegupstv,417,217,False
初霜改二,hatsushimo kai ni,ufgydlyjdaxb,419,219,False
叢雲改二,murakumo kai ni,ugxgvgtjsxud,420,220,False
秋月,akizuki,wkvdcpaogfii,421,221,False
照月,teruzuki,fvcfdjvmxlko,422,222,False
高波,takanami,hvxoppojkyge,424,224,False
朝霜,asashimo,cdsgjcufyxlz,425,225,False
吹雪改二,fubuki kai ni,rtkekdbkqrkg,426,226,False
鳥海改二,choukai kai ni,jcrdsdpsjcgj,427,227,False
摩耶改二,maya kai ni,xljtrrmemnon,428,228,False
天城改,amagi kai,zgscfjpbxnir,429,229,False
葛城改,katsuragi kai,bohmlbbvqtfs,430,230,False
U-511,yuu,ksvosfducgbe,431,231,False
Graf Zeppelin,graf zeppelin,tepoqqczfonx,432,232,False
睦月改二,mutsuki kai ni,idhoawqrgkqh,434,234,False
如月改二,kisaragi kai ni,ygqdfllpkbee,435,235,False
呂500,ro,wnibjvejengh,436,236,False
暁改二,akatsuki kai ni,gzerqivthcrd,437,237,False
Littorio,littorio,hkhkiqkleprp,441,241,False
Roma,roma,gyywcqqfnjkc,442,242,False
Libeccio,libeccio,nsutzbtifaji,443,243,False
秋津洲,akitsushima,oswtwcbzgbfm,445,245,False
Italia,italia,feyfhhruhjse,446,246,False
Roma改,roma kai,yfpnftpuwkrx,447,247,False
秋津洲改,akitsushima kai,wwqmolrsxfvz,450,250,False
瑞穂,mizuho,zqwwomufsbpq,451,251,False
風雲,kazagumo,xooelfidumnp,453,253,False
嵐,arashi,nguivbnbevwd,454,254,False
萩風,hagikaze,xxbsgzxwjqxh,455,255,False
海風,umikaze,rnmsjjndxlgj,458,258,False
江風,kawakaze,jdpiljspxgpz,459,259,False
速吸,hayasui,ajggcaaaocgh,460,260,False
翔鶴改二,shoukaku kai ni,hpxsthymxmki,461,261,False
瑞鶴改二,zuikaku kai ni,giytrybpknos,462,262,False
鹿島,kashima,nwiyrjfnqvuz,465,265,False
翔鶴改二甲,shoukaku kai ni kou,ekuxnovhattm,466,266,False
瑞鶴改二甲,zuikaku kai ni kou,qgrxbhuvtrbf,467,267,False
駆逐イ級,DD I-class,mtjmdcwtvhdr,501,0,True
駆逐ロ級,DD Ro-class,pbgkfylkbjuy,502,0,True
駆逐ハ級,DD Ha-class,pcumlrymlujh,503,0,True
駆逐ニ級,DD Ni-class,itbrdpdbkynm,504,0,True
軽巡ホ級,CL Ho-class,itslcqtmrxtf,505,0,True
軽巡ヘ級,CL He-class,wuhnhojjxmke,506,0,True
軽巡ト級,CL To-class,xlqcmisdyfiu,507,0,True
雷巡チ級,CLT Chi-class,mcouotbbbzpx,508,0,True
重巡リ級,CA Ri-class,iwztvmesrrju,509,0,True
軽母ヌ級,CVL Nu-class,slxvncxmexin,510,0,True
戦艦ル級,BB Ru-class,pijdvoaebmxm,511,0,True
空母ヲ級,CV Wo-class,yalxvbxgbojg,512,0,True
輸送ワ級,Transport Wa-class,mednanfcfkil,513,0,True
駆逐イ級 Elite,DD I-class Elite,eusutfvohllh,514,0,True
駆逐ロ級 Elite,DD Ro-class Elite,tizkiyetefqx,515,0,True
駆逐ハ級 Elite,DD Ha-class Elite,ycjcuuqbxywj,516,0,True
駆逐ニ級 Elite,DD Ni-class Elite,zujcpyhiwhfk,517,0,True
軽巡ホ級 Elite,CL Ho-class Elite,nylazbctwxxb,518,0,True
軽巡ヘ級 Elite,CL He-class Elite,thxxajqkbcea,519,0,True
軽巡ト級 Elite,CL To-class Elite,vxeposgfnulm,520,0,True
雷巡チ級 Elite,CLT Chi-class Elite,kkdcshdnoqvd,521,0,True
重巡リ級 Elite,CA Ri-class Elite,jgdkktwkyoep,522,0,True
軽母ヌ級 Elite,CVL Nu-class Elite,glsvfugrtdlv,523,0,True
戦艦ル級 Elite,BB Ru-class Elite,jnaynrbswxny,524,0,True
空母ヲ級 Elite,CV Wo-class Elite,lreivfnxjfik,525,0,True
輸送ワ級 Elite,Transport Wa-class Elite,nfbfnyqdswvz,526,0,True
重巡リ級 Flagship,CA Ri-class Flagship,cdgslqaonpst,527,0,True
空母ヲ級 Flagship,CV Wo-class Flagship,kcjagtsviiyn,528,0,True
戦艦ル級 Flagship,BB Ru-class Flagship,crlyrpscrtad,529,0,True
潜水カ級,SS Ka-class,zsrtdiesnmum,530,0,True
潜水ヨ級,SS Yo-class,jyofolfguclj,531,0,True
潜水カ級 Elite,SS Ka-class Elite,ebutrlbzkktc,532,0,True
潜水ヨ級 Elite,SS Yo-class Elite,ppdicscudnmo,533,0,True
潜水カ級 Flagship,SS Ka-class Flagship,duwuexijckgq,534,0,True
潜水ヨ級 Flagship,SS Yo-class Flagship,nvaipajbkgjn,535,0,True
浮遊要塞,Floating Fortress,cchowgdxysfu,536,0,True
浮遊要塞,Floating Fortress,matbibgdovof,537,0,True
浮遊要塞,Floating Fortress,murfwykjiuog,538,0,True
泊地棲鬼,Anchorage Demon,cyfiwlhsgdji,539,0,True
泊地棲姫,Anchorage Princess,vewvgeiqybub,540,0,True
戦艦タ級,BB Ta-class,mqzxufdjdjju,541,0,True
戦艦タ級 Elite,BB Ta-class Elite,whhduavjmdki,542,0,True
戦艦タ級 Flagship,BB Ta-class Flagship,zpzqybyepyte,543,0,True
装甲空母鬼,Armored Carrier Demon,jndnkhfjvnjo,544,0,True
装甲空母姫,Armored Carrier Princess,pnvdeewbfyfh,545,0,True
南方棲鬼,Southern Demon,jcgarujexcrf,546,0,True
南方棲戦鬼,Southern War Demon,jmlbqlrnajyq,547,0,True
南方棲戦姫,Southern War Princess,vooogzpoblwf,548,0,True
護衛要塞,Escort Fortress,bwlykdyyjurx,549,0,True
護衛要塞,Escort Fortress,fhjnljxxjpmk,550,0,True
護衛要塞,Escort Fortress,nmwnyjyfezro,551,0,True
駆逐ロ級 Flagship,DD Ro-class Flagship,szdhvxpyljqe,552,0,True
駆逐ハ級 Flagship,DD Ha-class Flagship,jhjcroxdngqe,553,0,True
軽巡ホ級 Flagship,CL Ho-class Flagship,afrplxszsxit,554,0,True
軽巡ヘ級 Flagship,CL He-class Flagship,eswghzpycwxb,555,0,True
飛行場姫,Airfield Princess,qtygozpoceew,556,0,True
戦艦棲姫,Battleship Princess,glghkfswtxet,557,0,True
輸送ワ級 Flagship,Transport Wa-class Flagship,okkjcahxfltg,558,0,True
雷巡チ級 Flagship,CLT Chi-class Flagship,cojscoppbivn,559,0,True
軽母ヌ級 Flagship,CVL Nu-class Flagship,pcmfcidohwga,560,0,True
戦艦レ級,BB Re-class,tkcshwnsnsqr,561,0,True
戦艦レ級 Elite,BB Re-class Elite,yrdhekgqgxtg,562,0,True
駆逐イ級 Flagship,DD I-class Flagship,skifghbnovxl,564,0,True
空母ヲ級改 Flagship,CV Wo-class Kai Flagship,ckbtgxrnjvof,565,0,True
重巡リ級改 Flagship,CA Ri-class Kai Flagship,lfpzrcpfngkf,566,0,True
戦艦ル級改 Flagship,BB Ru-class Kai Flagship,qyfevgdqedyw,567,0,True
潜水ソ級,SS So-class,qfwkvipzxqey,570,0,True
潜水ソ級 Elite,SS So-class Elite,gnnicfxddgut,571,0,True
潜水ソ級 Flagship,SS So-class Flagship,obxvexpgyajg,572,0,True
港湾棲姫,Harbor Princess,mvqfkxbebqob,573,0,True
離島棲鬼,Isolated Island Demon,ihfrerqprpro,574,0,True
駆逐イ級後期型,DD I-class Late Model,dsdrpxrroksm,575,0,True
駆逐ロ級後期型,DD Ro-class Late Model,wnftypfgkdkr,576,0,True
駆逐ハ級後期型,DD Ha-class Late-Model,icwosohxkvbd,577,0,True
駆逐ニ級後期型,DD Ni-class Late Model,ohcikvnwgsuh,578,0,True
空母ヲ級 Flagship,CV Wo-class Flagship,lhdxfbtoyfer,579,0,True
北方棲姫,Northern Princess,lwrljvbgvkxe,581,0,True
北方棲姫,Northern Princess,rgjwnwdygctr,582,0,True
中間棲姫,Midway Princess,naucyhpcdjwf,583,0,True
中間棲姫,Midway Princess,fcaeosgyrckf,584,0,True
空母棲鬼,Aircraft Carrier Demon,kvllndxefqyr,585,0,True
空母棲姫,Aircraft Carrier Princess,eoaivzseqtwo,586,0,True
北方棲姫,Northern Princess,bcvjduazbvue,587,0,True
北方棲姫,Northern Princess,jtokvqdkiidv,588,0,True
北方棲姫,Northern Princess,yqxjpfvbrghk,589,0,True
北方棲姫,Northern Princess,xsjvtttdqhwy,590,0,True
軽巡ツ級,CL Tsu-class,vwaghxaewzdw,591,0,True
軽巡ツ級 Elite,CL Tsu-class Elite,ypbbvxgczbph,592,0,True
重巡ネ級,CA Ne-class,yowvcxyrqiqe,594,0,True
重巡ネ級 Elite,CA Ne-class Elite,aaklgdwughjy,595,0,True
駆逐棲姫,Destroyer Princess,xdcuopswoflo,597,0,True
駆逐棲姫,Destroyer Princess,ogjyulhxjvhr,598,0,True
空母水鬼,Aircraft Carrier Water Demon,zkkzcjehulfi,599,0,True
空母水鬼,Aircraft Carrier Water Demon,ptotvjxlwqgh,600,0,True
軽巡棲鬼,Light Cruiser Demon,dpmgoqtslers,601,0,True
軽巡棲鬼,Light Cruiser Demon,jzweeqxgragj,602,0,True
戦艦水鬼,Battleship Water Demon,iepccppipopa,603,0,True
戦艦水鬼,Battleship Water Demon,srqsizwuyvfm,604,0,True
港湾水鬼,Harbor Water Demon,jnwpsrxekmbn,605,0,True
港湾水鬼,Harbor Water Demon,clqoqbjfvidf,606,0,True
港湾水鬼,Harbor Water Demon,ysteufhuvuuk,607,0,True
港湾水鬼,Harbor Water Demon,octsmbzvtknp,608,0,True
泊地水鬼,Anchorage Water Demon,qvjxstjsucxx,609,0,True
泊地水鬼,Anchorage Water Demon,vjgqyiisflxo,610,0,True
泊地水鬼,Anchorage Water Demon,yqbbctkwbtgd,611,0,True
泊地水鬼,Anchorage Water Demon,iinthvbcxohn,612,0,True
港湾棲姫,Harbor Princess,fwbonbofgcwe,613,0,True
空母ヲ級 Flagship,CV Wo-class Flagship,xwkafpsvohsx,614,0,True
空母ヲ級 Flagship,CV Wo-class Flagship,swtqydoaxery,615,0,True
空母ヲ級改 Flagship,CV Wo-class Kai Flagship,kevftdefeysm,616,0,True
空母ヲ級改 Flagship,CV Wo-class Kai Flagship,oclehydqqwtr,617,0,True
空母ヲ級改 Flagship,CV Wo-class Kai Flagship,whfpobwysexc,618,0,True
空母棲鬼,Aircraft Carrier Demon,wnnfthmvobbc,619,0,True
空母棲姫,Aircraft Carrier Princess,mowniqrfpjjw,620,0,True
駆逐イ級後期型 Elite,DD I-class Late Model Elite,mhgomfxjbdqg,621,0,True
駆逐ロ級後期型 Elite,DD Ro-class Late Model Elite,oevqngeqykfc,622,0,True
駆逐ハ級後期型 Elite,DD Ha-class Late-Model Elite,hzegzqgicqnv,623,0,True
駆逐ニ級後期型 Elite,DD Ni-class Late Model Elite,mqboqqeinwaj,624,0,True
水母棲姫,AV Princess,wlmwstevvrwv,625,0,True
水母棲姫,AV Princess,yjylvwiustlg,626,0,True
水母棲姫,AV Princess,bxslnscoclqv,627,0,True
防空棲姫,Air Defense Princess,qyzjmmmamvqv,628,0,True
防空棲姫,Air Defense Princess,cvhmavgxsrbr,629,0,True
防空棲姫,Air Defense Princess,mxftnbimpfud,630,0,True
飛行場姫,Airfield Princess,oequjjnzhgcw,631,0,True
飛行場姫,Airfield Princess,jdpebtsbhupn,632,0,True
飛行場姫,Airfield Princess,ozdxnvurmoyg,633,0,True
離島棲鬼,Isolated Island Demon,oesmuxjcpwsl,634,0,True
離島棲鬼,Isolated Island Demon,lxkovqjiqcue,635,0,True
離島棲鬼,Isolated Island Demon,idborkfjzpjt,636,0,True
PT小鬼群,PT Imps,bqucqmrihwuh,637,0,True
PT小鬼群,PT Imps,dsstfcxfwiui,638,0,True
PT小鬼群,PT Imps,nmxeowqlleay,639,0,True
PT小鬼群,PT Imps,ldsiznnfxhsi,640,0,True
軽巡棲姫,Light Cruiser Princess,ovecdselmpus,641,0,True
軽巡棲姫,Light Cruiser Princess,disbkhsrvdyz,642,0,True
軽巡棲姫,Light Cruiser Princess,zpgkgrqnfbgw,643,0,True
潜水棲姫,Submarine Princess,xqhnwnncqfsb,644,0,True
潜水棲姫,Submarine Princess,iunhutnvrvpw,645,0,True
潜水棲姫,Submarine Princess,ydnymnspgijb,646,0,True
駆逐水鬼,Destroyer Water Demon,ebsfauvzpldv,647,0,True
駆逐水鬼,Destroyer Water Demon,fhpklciryypc,648,0,True
駆逐水鬼,Destroyer Water Demon,vbihybmotyce,649,0,True
タカオ,Arpeggio Takao,,-1,-1,True
ハルナ,Arpeggio Haruna,,-1,-1,True
コンゴウ,Arpeggio Kongou,,-1,-1,True
マヤ,Arpeggio Maya,,-1,-1,True
キリシマ,Arpeggio Kirishima,,-1,-1,True
イオナ,Arpeggio Iona,,-1,-1,True
